filename,name,extension,date_created,time_created,size,dimensions,duration,hour,minute,sec,orientation
CDAU5332.JPG,CDAU5332,JPG,2025-06-27,09:28:42,1414959,2160x3840,,9,28,42,vertical
IMG_0246.JPG,IMG_0246,JPG,2025-06-27,15:47:43,1266349,1980x3520,,15,47,43,vertical
IMG_3169.JPG,IMG_3169,JPG,2025-06-27,09:06:46,1456357,4032x2268,,9,6,46,horizontal
IMG_3170.JPG,IMG_3170,JPG,2025-06-27,09:06:57,3382041,5712x3213,,9,6,57,horizontal
IMG_3171.JPG,IMG_3171,JPG,2025-06-27,09:08:31,3057088,5712x3213,,9,8,31,horizontal
IMG_3172.JPG,IMG_3172,JPG,2025-06-27,09:09:12,3372553,5712x3213,,9,9,12,horizontal
IMG_3175.JPG,IMG_3175,JPG,2025-06-27,09:20:15,1627645,4032x2268,,9,20,15,horizontal
IMG_3176.JPG,IMG_3176,JPG,2025-06-27,09:20:17,1943175,4032x2268,,9,20,17,horizontal
IMG_3179.JPG,IMG_3179,JPG,2025-06-27,09:55:01,3719632,5712x3213,,9,55,1,horizontal
IMG_3180.JPG,IMG_3180,JPG,2025-06-27,09:58:58,1810901,4032x2268,,9,58,58,horizontal
IMG_3181.JPG,IMG_3181,JPG,2025-06-27,10:28:53,4285011,3213x5712,,10,28,53,vertical
IMG_3182.JPG,IMG_3182,JPG,2025-06-27,10:30:20,3060247,5712x3213,,10,30,20,horizontal
IMG_3184.JPG,IMG_3184,JPG,2025-06-27,15:22:29,3185427,5712x3213,,15,22,29,horizontal
IMG_3185.JPG,IMG_3185,JPG,2025-06-27,15:23:16,3563136,5712x3213,,15,23,16,horizontal
IMG_3186.JPG,IMG_3186,JPG,2025-06-27,15:24:26,3342647,5712x3213,,15,24,26,horizontal
IMG_3188.JPG,IMG_3188,JPG,2025-06-27,15:24:56,3185436,5712x3213,,15,24,56,horizontal
IMG_3189.JPG,IMG_3189,JPG,2025-06-27,15:26:49,3831606,5712x3213,,15,26,49,horizontal
IMG_3191.JPG,IMG_3191,JPG,2025-06-27,15:28:51,3398467,5712x3213,,15,28,51,horizontal
IMG_3192.JPG,IMG_3192,JPG,2025-06-27,15:28:55,3521146,5712x3213,,15,28,55,horizontal
IMG_6427.JPG,IMG_6427,JPG,2025-06-27,17:13:19,3815290,4032x3024,,17,13,19,horizontal
IMG_6428.JPG,IMG_6428,JPG,2025-06-27,17:15:00,3868966,4032x3024,,17,15,0,horizontal
IMG_6429.JPG,IMG_6429,JPG,2025-06-27,17:15:02,3810590,4032x3024,,17,15,2,horizontal
IMG_E0246.JPG,IMG_E0246,JPG,2025-06-27,15:47:43,1140820,1980x3520,,15,47,43,vertical
IMG_0072.HEIC,IMG_0072,HEIC,2025-06-27,08:03:51,3151592,5712x4284,,8,3,51,horizontal
IMG_0073.HEIC,IMG_0073,HEIC,2025-06-27,08:27:03,4951132,4284x5712,,8,27,3,vertical
IMG_0074.HEIC,IMG_0074,HEIC,2025-06-27,08:28:07,1703707,3024x4032,,8,28,7,vertical
IMG_0075.HEIC,IMG_0075,HEIC,2025-06-27,08:41:54,3421564,5712x4284,,8,41,54,horizontal
IMG_0076.HEIC,IMG_0076,HEIC,2025-06-27,08:42:05,2862308,4284x5712,,8,42,5,vertical
IMG_0077.HEIC,IMG_0077,HEIC,2025-06-27,08:45:09,2759905,5712x4284,,8,45,9,horizontal
IMG_0078.HEIC,IMG_0078,HEIC,2025-06-27,09:00:21,3070776,4284x5712,,9,0,21,vertical
IMG_0079.HEIC,IMG_0079,HEIC,2025-06-27,09:02:01,4415603,5712x4284,,9,2,1,horizontal
IMG_0080.HEIC,IMG_0080,HEIC,2025-06-27,09:02:08,1943253,4032x3024,,9,2,8,horizontal
IMG_0081.HEIC,IMG_0081,HEIC,2025-06-27,09:04:46,2836794,4284x5712,,9,4,46,vertical
IMG_0082.HEIC,IMG_0082,HEIC,2025-06-27,09:06:48,1674933,4032x3024,,9,6,48,horizontal
IMG_0083.HEIC,IMG_0083,HEIC,2025-06-27,09:06:55,2920998,5712x4284,,9,6,55,horizontal
IMG_0084.HEIC,IMG_0084,HEIC,2025-06-27,09:08:17,3238885,5712x4284,,9,8,17,horizontal
IMG_0085.HEIC,IMG_0085,HEIC,2025-06-27,09:08:29,3234845,5712x4284,,9,8,29,horizontal
IMG_0088.HEIC,IMG_0088,HEIC,2025-06-27,09:19:53,3151386,5712x4284,,9,19,53,horizontal
IMG_0089.HEIC,IMG_0089,HEIC,2025-06-27,09:20:28,1799871,4032x3024,,9,20,28,horizontal
IMG_0090.HEIC,IMG_0090,HEIC,2025-06-27,09:20:35,3350952,5712x4284,,9,20,35,horizontal
IMG_0091.HEIC,IMG_0091,HEIC,2025-06-27,09:20:40,1625237,4032x3024,,9,20,40,horizontal
IMG_0092.HEIC,IMG_0092,HEIC,2025-06-27,09:22:50,1215159,4032x3024,,9,22,50,horizontal
IMG_0093.HEIC,IMG_0093,HEIC,2025-06-27,09:22:51,1324791,4032x3024,,9,22,51,horizontal
IMG_0095.HEIC,IMG_0095,HEIC,2025-06-27,09:24:42,1199209,3024x4032,,9,24,42,vertical
IMG_0096.HEIC,IMG_0096,HEIC,2025-06-27,09:24:44,1171762,3024x4032,,9,24,44,vertical
IMG_0097.HEIC,IMG_0097,HEIC,2025-06-27,09:24:47,1178931,3024x4032,,9,24,47,vertical
IMG_0098.HEIC,IMG_0098,HEIC,2025-06-27,09:24:50,942855,3024x4032,,9,24,50,vertical
IMG_0099.HEIC,IMG_0099,HEIC,2025-06-27,09:25:04,2930586,5712x4284,,9,25,4,horizontal
IMG_0100.HEIC,IMG_0100,HEIC,2025-06-27,09:25:06,2958034,5712x4284,,9,25,6,horizontal
IMG_0101.HEIC,IMG_0101,HEIC,2025-06-27,10:35:16,2373227,5712x4284,,10,35,16,horizontal
IMG_0102.HEIC,IMG_0102,HEIC,2025-06-27,10:39:55,3246445,5712x4284,,10,39,55,horizontal
IMG_0103.HEIC,IMG_0103,HEIC,2025-06-27,10:43:27,2654582,5712x4284,,10,43,27,horizontal
IMG_0104.HEIC,IMG_0104,HEIC,2025-06-27,10:44:39,3045717,5712x4284,,10,44,39,horizontal
IMG_0105.HEIC,IMG_0105,HEIC,2025-06-27,10:47:25,2941709,5712x4284,,10,47,25,horizontal
IMG_0106.HEIC,IMG_0106,HEIC,2025-06-27,10:47:47,3265332,5712x4284,,10,47,47,horizontal
IMG_0107.HEIC,IMG_0107,HEIC,2025-06-27,10:48:57,2967366,5712x4284,,10,48,57,horizontal
IMG_0108.HEIC,IMG_0108,HEIC,2025-06-27,10:52:44,3105128,5712x4284,,10,52,44,horizontal
IMG_0109.HEIC,IMG_0109,HEIC,2025-06-27,10:54:03,3154036,5712x4284,,10,54,3,horizontal
IMG_0110.HEIC,IMG_0110,HEIC,2025-06-27,10:54:38,3079584,5712x4284,,10,54,38,horizontal
IMG_0111.HEIC,IMG_0111,HEIC,2025-06-27,11:34:53,2183944,4032x3024,,11,34,53,horizontal
IMG_0113.HEIC,IMG_0113,HEIC,2025-06-27,11:36:05,2945548,5712x4284,,11,36,5,horizontal
IMG_0114.HEIC,IMG_0114,HEIC,2025-06-27,11:38:35,3294172,5712x4284,,11,38,35,horizontal
IMG_0115.HEIC,IMG_0115,HEIC,2025-06-27,11:38:42,1481570,4032x3024,,11,38,42,horizontal
IMG_0116.HEIC,IMG_0116,HEIC,2025-06-27,11:40:13,2946217,4284x5712,,11,40,13,vertical
IMG_0117.HEIC,IMG_0117,HEIC,2025-06-27,11:40:52,2386154,4284x5712,,11,40,52,vertical
IMG_0118.HEIC,IMG_0118,HEIC,2025-06-27,11:41:26,1820483,3024x4032,,11,41,26,vertical
IMG_0119.HEIC,IMG_0119,HEIC,2025-06-27,11:41:54,2140828,3024x4032,,11,41,54,vertical
IMG_0120.HEIC,IMG_0120,HEIC,2025-06-27,12:05:12,3908605,4284x5712,,12,5,12,vertical
IMG_0121.HEIC,IMG_0121,HEIC,2025-06-27,12:05:21,3482210,5712x4284,,12,5,21,horizontal
IMG_0122.HEIC,IMG_0122,HEIC,2025-06-27,12:05:29,3247702,4284x5712,,12,5,29,vertical
IMG_0123.HEIC,IMG_0123,HEIC,2025-06-27,12:05:45,2448148,4284x5712,,12,5,45,vertical
IMG_0124.HEIC,IMG_0124,HEIC,2025-06-27,12:06:31,3099324,5712x4284,,12,6,31,horizontal
IMG_0125.HEIC,IMG_0125,HEIC,2025-06-27,12:07:58,2787271,5712x4284,,12,7,58,horizontal
IMG_0128.HEIC,IMG_0128,HEIC,2025-06-27,12:16:51,2537704,5712x4284,,12,16,51,horizontal
IMG_0129.HEIC,IMG_0129,HEIC,2025-06-27,12:17:31,2995459,5712x4284,,12,17,31,horizontal
IMG_0130.HEIC,IMG_0130,HEIC,2025-06-27,12:18:40,2921987,5712x4284,,12,18,40,horizontal
IMG_0131.HEIC,IMG_0131,HEIC,2025-06-27,12:18:42,3137263,5712x4284,,12,18,42,horizontal
IMG_0132.HEIC,IMG_0132,HEIC,2025-06-27,12:23:10,2457503,5712x4284,,12,23,10,horizontal
IMG_0133.HEIC,IMG_0133,HEIC,2025-06-27,12:23:30,3224152,5712x4284,,12,23,30,horizontal
IMG_0134.HEIC,IMG_0134,HEIC,2025-06-27,12:26:27,2724548,5712x4284,,12,26,27,horizontal
IMG_0135.HEIC,IMG_0135,HEIC,2025-06-27,12:28:04,2497105,5712x4284,,12,28,4,horizontal
IMG_0136.HEIC,IMG_0136,HEIC,2025-06-27,12:32:26,1357156,4032x3024,,12,32,26,horizontal
IMG_0139.HEIC,IMG_0139,HEIC,2025-06-27,12:34:03,3022194,5712x4284,,12,34,3,horizontal
IMG_0140.HEIC,IMG_0140,HEIC,2025-06-27,12:36:21,3315971,5712x4284,,12,36,21,horizontal
IMG_0141.HEIC,IMG_0141,HEIC,2025-06-27,12:37:35,1717484,4032x3024,,12,37,35,horizontal
IMG_0142.HEIC,IMG_0142,HEIC,2025-06-27,12:37:37,1700090,4032x3024,,12,37,37,horizontal
IMG_0144.HEIC,IMG_0144,HEIC,2025-06-27,12:39:53,2559144,5712x4284,,12,39,53,horizontal
IMG_0146.HEIC,IMG_0146,HEIC,2025-06-27,12:45:33,3187637,5712x4284,,12,45,33,horizontal
IMG_0147.HEIC,IMG_0147,HEIC,2025-06-27,12:51:26,2580706,4284x5712,,12,51,26,vertical
IMG_0148.HEIC,IMG_0148,HEIC,2025-06-27,12:51:32,2604295,4284x5712,,12,51,32,vertical
IMG_0149.HEIC,IMG_0149,HEIC,2025-06-27,12:58:32,2407462,4032x3024,,12,58,32,horizontal
IMG_0150.HEIC,IMG_0150,HEIC,2025-06-27,13:59:13,3581470,5712x4284,,13,59,13,horizontal
IMG_0151.HEIC,IMG_0151,HEIC,2025-06-27,13:59:16,3621429,5712x4284,,13,59,16,horizontal
IMG_0152.HEIC,IMG_0152,HEIC,2025-06-27,13:59:47,2782473,5712x4284,,13,59,47,horizontal
IMG_0154.HEIC,IMG_0154,HEIC,2025-06-27,14:04:23,2905512,5712x4284,,14,4,23,horizontal
IMG_0155.HEIC,IMG_0155,HEIC,2025-06-27,14:04:30,3149925,5712x4284,,14,4,30,horizontal
IMG_0157.HEIC,IMG_0157,HEIC,2025-06-27,14:05:53,1492016,4032x3024,,14,5,53,horizontal
IMG_0160.HEIC,IMG_0160,HEIC,2025-06-27,14:12:24,1443209,3024x4032,,14,12,24,vertical
IMG_0161.HEIC,IMG_0161,HEIC,2025-06-27,14:12:26,1407799,3024x4032,,14,12,26,vertical
IMG_0162.HEIC,IMG_0162,HEIC,2025-06-27,14:12:28,1395226,3024x4032,,14,12,28,vertical
IMG_0163.HEIC,IMG_0163,HEIC,2025-06-27,14:12:30,1393015,3024x4032,,14,12,30,vertical
IMG_0164.HEIC,IMG_0164,HEIC,2025-06-27,14:12:35,1270645,3024x4032,,14,12,35,vertical
IMG_0167.HEIC,IMG_0167,HEIC,2025-06-27,14:15:21,2686624,5712x4284,,14,15,21,horizontal
IMG_0168.HEIC,IMG_0168,HEIC,2025-06-27,14:15:29,3094045,5712x4284,,14,15,29,horizontal
IMG_0169.HEIC,IMG_0169,HEIC,2025-06-27,14:15:32,3099217,5712x4284,,14,15,32,horizontal
IMG_0170.HEIC,IMG_0170,HEIC,2025-06-27,14:16:58,2745780,5712x4284,,14,16,58,horizontal
IMG_0172.HEIC,IMG_0172,HEIC,2025-06-27,14:17:55,1763483,4032x3024,,14,17,55,horizontal
IMG_0173.HEIC,IMG_0173,HEIC,2025-06-27,14:17:57,1829468,4032x3024,,14,17,57,horizontal
IMG_0174.HEIC,IMG_0174,HEIC,2025-06-27,14:17:59,1546951,4032x3024,,14,17,59,horizontal
IMG_0175.HEIC,IMG_0175,HEIC,2025-06-27,14:18:01,1692550,4032x3024,,14,18,1,horizontal
IMG_0176.HEIC,IMG_0176,HEIC,2025-06-27,14:20:09,2948565,5712x4284,,14,20,9,horizontal
IMG_0178.HEIC,IMG_0178,HEIC,2025-06-27,14:21:33,1735074,4032x3024,,14,21,33,horizontal
IMG_0181.HEIC,IMG_0181,HEIC,2025-06-27,14:23:58,1835288,4032x3024,,14,23,58,horizontal
IMG_0182.HEIC,IMG_0182,HEIC,2025-06-27,14:24:03,1720489,4032x3024,,14,24,3,horizontal
IMG_0183.HEIC,IMG_0183,HEIC,2025-06-27,14:24:13,1470298,4032x3024,,14,24,13,horizontal
IMG_0184.HEIC,IMG_0184,HEIC,2025-06-27,14:24:25,920868,4032x3024,,14,24,25,horizontal
IMG_0185.HEIC,IMG_0185,HEIC,2025-06-27,14:24:28,893260,4032x3024,,14,24,28,horizontal
IMG_0186.HEIC,IMG_0186,HEIC,2025-06-27,14:24:32,868419,4032x3024,,14,24,32,horizontal
IMG_0187.HEIC,IMG_0187,HEIC,2025-06-27,14:24:35,846590,4032x3024,,14,24,35,horizontal
IMG_0188.HEIC,IMG_0188,HEIC,2025-06-27,14:24:39,964852,4032x3024,,14,24,39,horizontal
IMG_0189.HEIC,IMG_0189,HEIC,2025-06-27,14:24:43,899690,4032x3024,,14,24,43,horizontal
IMG_0190.HEIC,IMG_0190,HEIC,2025-06-27,14:24:47,872240,4032x3024,,14,24,47,horizontal
IMG_0191.HEIC,IMG_0191,HEIC,2025-06-27,14:24:54,1003327,4032x3024,,14,24,54,horizontal
IMG_0192.HEIC,IMG_0192,HEIC,2025-06-27,14:24:57,996383,4032x3024,,14,24,57,horizontal
IMG_0193.HEIC,IMG_0193,HEIC,2025-06-27,14:25:02,903285,4032x3024,,14,25,2,horizontal
IMG_0194.HEIC,IMG_0194,HEIC,2025-06-27,14:25:08,925206,4032x3024,,14,25,8,horizontal
IMG_0195.HEIC,IMG_0195,HEIC,2025-06-27,14:25:12,973154,4032x3024,,14,25,12,horizontal
IMG_0196.HEIC,IMG_0196,HEIC,2025-06-27,14:25:15,1052248,4032x3024,,14,25,15,horizontal
IMG_0197.HEIC,IMG_0197,HEIC,2025-06-27,14:25:19,972779,4032x3024,,14,25,19,horizontal
IMG_0198.HEIC,IMG_0198,HEIC,2025-06-27,14:25:23,1054208,4032x3024,,14,25,23,horizontal
IMG_0199.HEIC,IMG_0199,HEIC,2025-06-27,14:25:27,1073730,4032x3024,,14,25,27,horizontal
IMG_0200.HEIC,IMG_0200,HEIC,2025-06-27,14:25:30,1067849,4032x3024,,14,25,30,horizontal
IMG_0201.HEIC,IMG_0201,HEIC,2025-06-27,14:25:36,256601,4032x3024,,14,25,36,horizontal
IMG_0202.HEIC,IMG_0202,HEIC,2025-06-27,14:25:41,245576,4032x3024,,14,25,41,horizontal
IMG_0203.HEIC,IMG_0203,HEIC,2025-06-27,14:25:46,336628,4032x3024,,14,25,46,horizontal
IMG_0204.HEIC,IMG_0204,HEIC,2025-06-27,14:25:51,296837,4032x3024,,14,25,51,horizontal
IMG_0205.HEIC,IMG_0205,HEIC,2025-06-27,14:25:54,343512,4032x3024,,14,25,54,horizontal
IMG_0206.HEIC,IMG_0206,HEIC,2025-06-27,14:34:21,2951210,5712x4284,,14,34,21,horizontal
IMG_0207.HEIC,IMG_0207,HEIC,2025-06-27,14:34:32,2988010,5712x4284,,14,34,32,horizontal
IMG_0208.HEIC,IMG_0208,HEIC,2025-06-27,14:38:01,3126875,5712x4284,,14,38,1,horizontal
IMG_0209.HEIC,IMG_0209,HEIC,2025-06-27,14:44:38,3107563,5712x4284,,14,44,38,horizontal
IMG_0210.HEIC,IMG_0210,HEIC,2025-06-27,14:46:22,3051016,5712x4284,,14,46,22,horizontal
IMG_0211.HEIC,IMG_0211,HEIC,2025-06-27,14:46:25,3041205,5712x4284,,14,46,25,horizontal
IMG_0212.HEIC,IMG_0212,HEIC,2025-06-27,14:48:41,2987096,5712x4284,,14,48,41,horizontal
IMG_0213.HEIC,IMG_0213,HEIC,2025-06-27,14:48:42,3004229,5712x4284,,14,48,42,horizontal
IMG_0214.HEIC,IMG_0214,HEIC,2025-06-27,14:51:14,3158715,5712x4284,,14,51,14,horizontal
IMG_0215.HEIC,IMG_0215,HEIC,2025-06-27,14:51:43,3184479,5712x4284,,14,51,43,horizontal
IMG_0216.HEIC,IMG_0216,HEIC,2025-06-27,14:51:49,3199564,5712x4284,,14,51,49,horizontal
IMG_0217.HEIC,IMG_0217,HEIC,2025-06-27,14:52:41,2808985,5712x4284,,14,52,41,horizontal
IMG_0218.HEIC,IMG_0218,HEIC,2025-06-27,14:52:46,1744054,4032x3024,,14,52,46,horizontal
IMG_0219.HEIC,IMG_0219,HEIC,2025-06-27,14:53:29,1827026,4032x3024,,14,53,29,horizontal
IMG_0220.HEIC,IMG_0220,HEIC,2025-06-27,14:53:33,1764220,4032x3024,,14,53,33,horizontal
IMG_0221.HEIC,IMG_0221,HEIC,2025-06-27,14:55:31,2765407,5712x4284,,14,55,31,horizontal
IMG_0222.HEIC,IMG_0222,HEIC,2025-06-27,14:55:41,1722735,4032x3024,,14,55,41,horizontal
IMG_0223.HEIC,IMG_0223,HEIC,2025-06-27,14:55:51,1776324,4032x3024,,14,55,51,horizontal
IMG_0224.HEIC,IMG_0224,HEIC,2025-06-27,14:56:00,1308303,4032x3024,,14,56,0,horizontal
IMG_0225.HEIC,IMG_0225,HEIC,2025-06-27,14:56:25,1858326,3024x4032,,14,56,25,vertical
IMG_0227.HEIC,IMG_0227,HEIC,2025-06-27,14:58:54,2697233,5712x4284,,14,58,54,horizontal
IMG_0229.HEIC,IMG_0229,HEIC,2025-06-27,15:01:12,2615836,5712x4284,,15,1,12,horizontal
IMG_0230.HEIC,IMG_0230,HEIC,2025-06-27,15:01:17,1761401,4032x3024,,15,1,17,horizontal
IMG_0231.HEIC,IMG_0231,HEIC,2025-06-27,15:04:14,2634614,5712x4284,,15,4,14,horizontal
IMG_0232.HEIC,IMG_0232,HEIC,2025-06-27,15:04:16,2819777,5712x4284,,15,4,16,horizontal
IMG_0233.HEIC,IMG_0233,HEIC,2025-06-27,15:06:03,1777245,4032x3024,,15,6,3,horizontal
IMG_0234.HEIC,IMG_0234,HEIC,2025-06-27,15:06:10,1757361,4032x3024,,15,6,10,horizontal
IMG_0235.HEIC,IMG_0235,HEIC,2025-06-27,15:06:13,1247658,4032x3024,,15,6,13,horizontal
IMG_0236.HEIC,IMG_0236,HEIC,2025-06-27,15:06:22,2834254,5712x4284,,15,6,22,horizontal
IMG_0237.HEIC,IMG_0237,HEIC,2025-06-27,15:07:41,2673079,5712x4284,,15,7,41,horizontal
IMG_0238.HEIC,IMG_0238,HEIC,2025-06-27,15:07:48,1765867,4032x3024,,15,7,48,horizontal
IMG_0239.HEIC,IMG_0239,HEIC,2025-06-27,15:07:50,1727761,4032x3024,,15,7,50,horizontal
IMG_0241.HEIC,IMG_0241,HEIC,2025-06-27,15:31:25,3257769,5712x4284,,15,31,25,horizontal
IMG_0242.HEIC,IMG_0242,HEIC,2025-06-27,15:47:07,2137436,4032x3024,,15,47,7,horizontal
IMG_0243.HEIC,IMG_0243,HEIC,2025-06-27,15:47:08,2186479,4032x3024,,15,47,8,horizontal
IMG_0244.HEIC,IMG_0244,HEIC,2025-06-27,15:47:18,3787421,5712x4284,,15,47,18,horizontal
IMG_0245.HEIC,IMG_0245,HEIC,2025-06-27,15:47:19,3897034,5712x4284,,15,47,19,horizontal
IMG_0249.HEIC,IMG_0249,HEIC,2025-06-27,16:16:20,2925092,4284x5712,,16,16,20,vertical
IMG_0250.HEIC,IMG_0250,HEIC,2025-06-27,16:16:22,3192957,4284x5712,,16,16,22,vertical
IMG_0252.HEIC,IMG_0252,HEIC,2025-06-27,16:20:24,2796519,4284x5712,,16,20,24,vertical
IMG_0253.HEIC,IMG_0253,HEIC,2025-06-27,16:20:25,2781719,4284x5712,,16,20,25,vertical
IMG_0254.HEIC,IMG_0254,HEIC,2025-06-27,16:25:12,2608880,5712x4284,,16,25,12,horizontal
IMG_0255.HEIC,IMG_0255,HEIC,2025-06-27,16:27:56,1492363,4032x3024,,16,27,56,horizontal
IMG_0256.HEIC,IMG_0256,HEIC,2025-06-27,16:30:36,1394015,4032x3024,,16,30,36,horizontal
IMG_0258.HEIC,IMG_0258,HEIC,2025-06-27,16:32:50,1343992,4032x3024,,16,32,50,horizontal
IMG_0259.HEIC,IMG_0259,HEIC,2025-06-27,16:33:42,1340809,4032x3024,,16,33,42,horizontal
IMG_0260.HEIC,IMG_0260,HEIC,2025-06-27,16:34:06,1471713,4032x3024,,16,34,6,horizontal
IMG_0262.HEIC,IMG_0262,HEIC,2025-06-27,16:39:59,1301918,4032x3024,,16,39,59,horizontal
IMG_0264.HEIC,IMG_0264,HEIC,2025-06-27,16:42:57,1253802,4032x3024,,16,42,57,horizontal
IMG_0265.HEIC,IMG_0265,HEIC,2025-06-27,16:42:59,1262707,4032x3024,,16,42,59,horizontal
IMG_0266.HEIC,IMG_0266,HEIC,2025-06-27,16:43:05,1186578,4032x3024,,16,43,5,horizontal
IMG_0267.HEIC,IMG_0267,HEIC,2025-06-27,16:44:50,1206959,4032x3024,,16,44,50,horizontal
IMG_0268.HEIC,IMG_0268,HEIC,2025-06-27,16:45:11,2898973,5712x4284,,16,45,11,horizontal
IMG_0269.HEIC,IMG_0269,HEIC,2025-06-27,16:45:33,2669403,4284x5712,,16,45,33,vertical
IMG_0270.HEIC,IMG_0270,HEIC,2025-06-27,16:47:05,2646463,4284x5712,,16,47,5,vertical
IMG_0271.HEIC,IMG_0271,HEIC,2025-06-27,16:47:07,2536819,4284x5712,,16,47,7,vertical
IMG_0279.HEIC,IMG_0279,HEIC,2025-06-27,17:23:45,3427904,5712x4284,,17,23,45,horizontal
IMG_0280.HEIC,IMG_0280,HEIC,2025-06-27,17:23:49,3563779,5712x4284,,17,23,49,horizontal
IMG_0281.HEIC,IMG_0281,HEIC,2025-06-27,17:23:50,3612481,5712x4284,,17,23,50,horizontal
IMG_0282.HEIC,IMG_0282,HEIC,2025-06-27,17:23:51,3683665,5712x4284,,17,23,51,horizontal
IMG_0284.HEIC,IMG_0284,HEIC,2025-06-27,17:33:02,3042472,4284x5712,,17,33,2,vertical
IMG_0285.HEIC,IMG_0285,HEIC,2025-06-27,17:34:28,2831743,4284x5712,,17,34,28,vertical
IMG_0287.HEIC,IMG_0287,HEIC,2025-06-27,18:09:54,3448405,4284x5712,,18,9,54,vertical
IMG_0288.HEIC,IMG_0288,HEIC,2025-06-27,18:09:57,3996848,4284x5712,,18,9,57,vertical
IMG_0289.HEIC,IMG_0289,HEIC,2025-06-27,18:32:39,3869677,4284x5712,,18,32,39,vertical
IMG_0290.HEIC,IMG_0290,HEIC,2025-06-27,18:32:41,3735093,4284x5712,,18,32,41,vertical
IMG_0291.HEIC,IMG_0291,HEIC,2025-06-27,18:32:48,3627303,4284x5712,,18,32,48,vertical
IMG_0292.HEIC,IMG_0292,HEIC,2025-06-27,18:32:50,3609503,4284x5712,,18,32,50,vertical
IMG_E0089.HEIC,IMG_E0089,HEIC,2025-06-27,09:20:28,687778,3176x1833,,9,20,28,horizontal
IMG_E0182.HEIC,IMG_E0182,HEIC,2025-06-27,14:24:03,1420245,4032x3024,,14,24,3,horizontal
IMG_E0183.HEIC,IMG_E0183,HEIC,2025-06-27,14:24:13,1251946,4032x3024,,14,24,13,horizontal
IMG_E0184.HEIC,IMG_E0184,HEIC,2025-06-27,14:24:25,102720,3662x2746,,14,24,25,horizontal
IMG_E0185.HEIC,IMG_E0185,HEIC,2025-06-27,14:24:28,87124,3662x2746,,14,24,28,horizontal
IMG_E0186.HEIC,IMG_E0186,HEIC,2025-06-27,14:24:32,88098,3662x2746,,14,24,32,horizontal
IMG_E0187.HEIC,IMG_E0187,HEIC,2025-06-27,14:24:35,78666,3662x2746,,14,24,35,horizontal
IMG_E0188.HEIC,IMG_E0188,HEIC,2025-06-27,14:24:39,82067,3662x2746,,14,24,39,horizontal
IMG_E0189.HEIC,IMG_E0189,HEIC,2025-06-27,14:24:43,78788,3662x2746,,14,24,43,horizontal
IMG_E0190.HEIC,IMG_E0190,HEIC,2025-06-27,14:24:47,88444,3662x2746,,14,24,47,horizontal
IMG_E0191.HEIC,IMG_E0191,HEIC,2025-06-27,14:24:54,56393,3662x2746,,14,24,54,horizontal
IMG_E0192.HEIC,IMG_E0192,HEIC,2025-06-27,14:24:57,60210,3662x2746,,14,24,57,horizontal
IMG_E0193.HEIC,IMG_E0193,HEIC,2025-06-27,14:25:02,64003,3662x2746,,14,25,2,horizontal
IMG_E0194.HEIC,IMG_E0194,HEIC,2025-06-27,14:25:08,69311,3662x2746,,14,25,8,horizontal
IMG_E0195.HEIC,IMG_E0195,HEIC,2025-06-27,14:25:12,63121,3662x2746,,14,25,12,horizontal
IMG_E0196.HEIC,IMG_E0196,HEIC,2025-06-27,14:25:15,62163,3662x2746,,14,25,15,horizontal
IMG_E0197.HEIC,IMG_E0197,HEIC,2025-06-27,14:25:19,60204,3662x2746,,14,25,19,horizontal
IMG_E0198.HEIC,IMG_E0198,HEIC,2025-06-27,14:25:23,58163,3662x2746,,14,25,23,horizontal
IMG_E0199.HEIC,IMG_E0199,HEIC,2025-06-27,14:25:27,57351,3662x2746,,14,25,27,horizontal
IMG_E0200.HEIC,IMG_E0200,HEIC,2025-06-27,14:25:30,59321,3662x2746,,14,25,30,horizontal
IMG_E0201.HEIC,IMG_E0201,HEIC,2025-06-27,14:25:36,54485,3662x2746,,14,25,36,horizontal
IMG_E0202.HEIC,IMG_E0202,HEIC,2025-06-27,14:25:41,56610,3662x2746,,14,25,41,horizontal
IMG_E0203.HEIC,IMG_E0203,HEIC,2025-06-27,14:25:46,38172,3662x2746,,14,25,46,horizontal
IMG_E0204.HEIC,IMG_E0204,HEIC,2025-06-27,14:25:51,48214,3662x2746,,14,25,51,horizontal
IMG_E0205.HEIC,IMG_E0205,HEIC,2025-06-27,14:25:54,47778,3662x2746,,14,25,54,horizontal
IMG_0086.MOV,IMG_0086,MOV,2025-06-27,09:16:48,70808644,1920x1080,64,9,16,48,horizontal
IMG_0094.MOV,IMG_0094,MOV,2025-06-27,09:22:54,109541020,1920x1080,97,9,22,54,horizontal
IMG_0112.MOV,IMG_0112,MOV,2025-06-27,11:35:13,18502187,1080x1920,14,11,35,13,vertical
IMG_0126.MOV,IMG_0126,MOV,2025-06-27,12:08:03,6123264,1080x1920,7,12,8,3,vertical
IMG_0127.MOV,IMG_0127,MOV,2025-06-27,12:16:28,14242869,1080x1920,15,12,16,28,vertical
IMG_0143.MOV,IMG_0143,MOV,2025-06-27,12:38:29,7264123,1080x1920,7,12,38,29,vertical
IMG_0145.MOV,IMG_0145,MOV,2025-06-27,12:45:20,8063811,1080x1920,9,12,45,20,vertical
IMG_0153.MOV,IMG_0153,MOV,2025-06-27,13:59:53,10145649,1080x1920,10,13,59,53,vertical
IMG_0156.MOV,IMG_0156,MOV,2025-06-27,14:05:06,13738549,1080x1920,9,14,5,6,vertical
IMG_0158.MOV,IMG_0158,MOV,2025-06-27,14:06:30,64302130,1080x1920,39,14,6,30,vertical
IMG_0159.MOV,IMG_0159,MOV,2025-06-27,14:11:57,35228102,1080x1920,18,14,11,57,vertical
IMG_0165.MOV,IMG_0165,MOV,2025-06-27,14:13:32,9284529,1080x1920,9,14,13,32,vertical
IMG_0166.MOV,IMG_0166,MOV,2025-06-27,14:15:00,20965841,1080x1920,15,14,15,0,vertical
IMG_0171.MOV,IMG_0171,MOV,2025-06-27,14:17:36,20471270,1080x1920,12,14,17,36,vertical
IMG_0177.MOV,IMG_0177,MOV,2025-06-27,14:20:17,23877748,1080x1920,28,14,20,17,vertical
IMG_0180.MOV,IMG_0180,MOV,2025-06-27,14:23:09,11431578,1080x1920,35,14,23,9,vertical
IMG_0247.MOV,IMG_0247,MOV,2025-06-27,15:47:39,6620705,1080x1920,5,15,47,39,vertical
IMG_0248.MOV,IMG_0248,MOV,2025-06-27,16:15:24,19046217,1080x1920,16,16,15,24,vertical
IMG_0251.MOV,IMG_0251,MOV,2025-06-27,16:19:45,24575747,1080x1920,19,16,19,45,vertical
IMG_0257.MOV,IMG_0257,MOV,2025-06-27,16:32:26,13683745,1080x1920,13,16,32,26,vertical
IMG_0261.MOV,IMG_0261,MOV,2025-06-27,16:38:36,22168743,1080x1920,20,16,38,36,vertical
IMG_0263.MOV,IMG_0263,MOV,2025-06-27,16:41:58,26754854,1080x1920,25,16,41,58,vertical
IMG_0272.MOV,IMG_0272,MOV,2025-06-27,16:47:21,12835837,1080x1920,12,16,47,21,vertical
IMG_0273.MOV,IMG_0273,MOV,2025-06-27,16:50:15,9077036,1080x1920,8,16,50,15,vertical
IMG_0274.MOV,IMG_0274,MOV,2025-06-27,16:51:09,19828449,1080x1920,17,16,51,9,vertical
IMG_0275.MOV,IMG_0275,MOV,2025-06-27,16:58:45,5202900,1080x1920,4,16,58,45,vertical
IMG_0276.MOV,IMG_0276,MOV,2025-06-27,16:58:52,10152130,1080x1920,7,16,58,52,vertical
IMG_0277.MOV,IMG_0277,MOV,2025-06-27,17:07:40,12909844,1080x1920,8,17,7,40,vertical
IMG_0283.MOV,IMG_0283,MOV,2025-06-27,17:24:02,6056966,1080x1920,5,17,24,2,vertical
IMG_0286.MOV,IMG_0286,MOV,2025-06-27,17:34:36,21938819,1080x1920,19,17,34,36,vertical
IMG_3174.MOV,IMG_3174,MOV,2025-06-27,09:16:39,22033984,1080x1920,13,9,16,39,vertical
IMG_3178.MOV,IMG_3178,MOV,2025-06-27,09:43:43,13412149,1080x1920,8,9,43,43,vertical
IMG_3187.MOV,IMG_3187,MOV,2025-06-27,15:24:39,19907378,1080x1920,11,15,24,39,vertical
IMG_3190.MOV,IMG_3190,MOV,2025-06-27,15:27:12,27872622,1080x1920,14,15,27,12,vertical